--
-- PostgreSQL database dump
--

-- Dumped from database version 13.8 (Ubuntu 13.8-1.pgdg20.04+1)
-- Dumped by pg_dump version 13.8 (Ubuntu 13.8-1.pgdg20.04+1)

SET statement_timeout = 0;
SET lock_timeout = 0;
SET idle_in_transaction_session_timeout = 0;
SET client_encoding = 'UTF8';
SET standard_conforming_strings = on;
SELECT pg_catalog.set_config('search_path', '', false);
SET check_function_bodies = false;
SET xmloption = content;
SET client_min_messages = warning;
SET row_security = off;

SET default_tablespace = '';

SET default_table_access_method = heap;

--
-- Name: albums; Type: TABLE; Schema: public; Owner: cnicosia
--

CREATE TABLE public.albums (
    album_id character varying(22) NOT NULL,
    artist_id character varying(22) NOT NULL,
    name character varying(100) NOT NULL,
    release_year integer,
    img_url character varying
);


ALTER TABLE public.albums OWNER TO cnicosia;

--
-- Name: artists; Type: TABLE; Schema: public; Owner: cnicosia
--

CREATE TABLE public.artists (
    artist_id character varying(22) NOT NULL,
    name character varying(50) NOT NULL
);


ALTER TABLE public.artists OWNER TO cnicosia;

--
-- Name: features; Type: TABLE; Schema: public; Owner: cnicosia
--

CREATE TABLE public.features (
    track_id character varying(22) NOT NULL,
    danceability double precision NOT NULL,
    energy double precision NOT NULL,
    key integer NOT NULL,
    loudness double precision NOT NULL,
    mode integer NOT NULL,
    speechiness double precision NOT NULL,
    acousticness double precision NOT NULL,
    instrumentalness double precision NOT NULL,
    liveness double precision NOT NULL,
    valence double precision NOT NULL,
    tempo double precision NOT NULL,
    time_signature integer NOT NULL,
    duration_ms integer NOT NULL
);


ALTER TABLE public.features OWNER TO cnicosia;

--
-- Name: items; Type: TABLE; Schema: public; Owner: cnicosia
--

CREATE TABLE public.items (
    id integer NOT NULL,
    user_id character varying(30) NOT NULL,
    date integer NOT NULL,
    item_type character varying(10) NOT NULL,
    timespan character varying(11) NOT NULL,
    rank integer NOT NULL,
    spotify_id character varying(22) NOT NULL
);


ALTER TABLE public.items OWNER TO cnicosia;

--
-- Name: items_id_seq; Type: SEQUENCE; Schema: public; Owner: cnicosia
--

CREATE SEQUENCE public.items_id_seq
    AS integer
    START WITH 1
    INCREMENT BY 1
    NO MINVALUE
    NO MAXVALUE
    CACHE 1;


ALTER TABLE public.items_id_seq OWNER TO cnicosia;

--
-- Name: items_id_seq; Type: SEQUENCE OWNED BY; Schema: public; Owner: cnicosia
--

ALTER SEQUENCE public.items_id_seq OWNED BY public.items.id;


--
-- Name: tracks; Type: TABLE; Schema: public; Owner: cnicosia
--

CREATE TABLE public.tracks (
    track_id character varying(22) NOT NULL,
    artist_id character varying(22) NOT NULL,
    album_id character varying(22) NOT NULL,
    name character varying(50) NOT NULL,
    popularity integer NOT NULL
);


ALTER TABLE public.tracks OWNER TO cnicosia;

--
-- Name: users; Type: TABLE; Schema: public; Owner: cnicosia
--

CREATE TABLE public.users (
    user_id character varying(30) NOT NULL,
    display_name character varying(30),
    profile_photo character varying
);


ALTER TABLE public.users OWNER TO cnicosia;

--
-- Name: items id; Type: DEFAULT; Schema: public; Owner: cnicosia
--

ALTER TABLE ONLY public.items ALTER COLUMN id SET DEFAULT nextval('public.items_id_seq'::regclass);


--
-- Data for Name: albums; Type: TABLE DATA; Schema: public; Owner: cnicosia
--

COPY public.albums (album_id, artist_id, name, release_year, img_url) FROM stdin;
5wnCTZtzIZxasRSHzI1JeW	0qu422H5MOoQxGjd4IzHbS	Heaven To A Tortured Mind	2020	https://i.scdn.co/image/ab67616d0000b273043864250fbec5f57c7076a7
68HLpLmCtvFKUqwQpUCqwn	65dGLGjkw3UbddUg2GKQoZ	IV	2016	https://i.scdn.co/image/ab67616d0000b273087255518781845b84bc8f92
6wYeJwJU9Y4fuLQVfGyJk9	4lujUKeO6nQAJXpq37Epn7	New Magic	2017	https://i.scdn.co/image/ab67616d0000b273c00c5819ddec8e15cb71ebb6
2oiJM8vFGpxrtGtFfJWhJv	6ltzsmQQbmdoHHbLZ4ZN25	Vide Noir	2018	https://i.scdn.co/image/ab67616d0000b2738431866429dc2ad6eed8c51e
4jQW2mhMH3TxtAOol3Djuf	0YrtvWJMgSdVrk3SfNjTbx	Transatlanticism (10th Anniversary Edition)	2003	https://i.scdn.co/image/ab67616d0000b273c306113cf2eea54867337da2
0qxsfpy2VU0i4eDR9RTaAU	0bzfPKdbXL5ezYW2z3UGQj	Love & Hate	2016	https://i.scdn.co/image/ab67616d0000b2731070095e88dce90a090171b5
6R6pjR9ocMYuqSuNx5e4mg	3M4ThdJR28z9eSMcQHAZ5G	Costello Music	2007	https://i.scdn.co/image/ab67616d0000b27390b7c466e878862b5a9cece3
2ICdqEf91Kc9FwdlLtB748	30DhU7BDmF4PH0JVhu8ZRg	About Time	2017	https://i.scdn.co/image/ab67616d0000b27376165991d7aeecce3634f554
3fUHDbd0oujqAerhHZjdsj	360IAlyVv4PCEVjgyMZrxK	Spotify Singles	2018	https://i.scdn.co/image/ab67616d0000b27353d3c8dce8f55cb13cf148ef
56dfEbntfVTMCxjrjggL1e	34jw2BbxjoYalTp8cJFCPv	Bad Animals	1987	https://i.scdn.co/image/ab67616d0000b2735fa646a4cfcd17842fdd7bbd
0NBTBo1qrg554sAj79nEqD	5Q81rlcTFh3k6DQJXPdsot	Mura Masa	2017	https://i.scdn.co/image/ab67616d0000b2736818aa231aa543cf87e1374a
3DGQ1iZ9XKUQxAUWjfC34w	2YZyLoL8N0Wb9xBt1NhZWg	good kid, m.A.A.d city (Deluxe)	2012	https://i.scdn.co/image/ab67616d0000b273d58e537cea05c2156792c53d
7vXiklrUeffx5o2F8VYwm3	4hz8tIajF2INpgM0qzPJz2	How to: Friend, Love, Freefall	2018	https://i.scdn.co/image/ab67616d0000b2739529217e48fc8bab89c8a1f9
0P3oVJBFOv3TDXlYRhGL7s	1Xyo4u8uXC1ZmMpatF05PJ	Beauty Behind The Madness	2015	https://i.scdn.co/image/ab67616d0000b2737fcead687e99583072cc217b
3vLFWR3fLqfY82WGvaLuyV	7CyeXFnOrfC1N6z4naIpgo	Be My Baby: The Very Best of The Ronettes	2011	https://i.scdn.co/image/ab67616d0000b2734694c5b97d3a88efb5fc71b5
57d5dFo7oN2yUyGfSKPrRv	55VydwMyCuGcavwPuhutPL	The Used	2002	https://i.scdn.co/image/ab67616d0000b273e0827a6cec3f1574249ec8c0
5AYmpTfdv1OoASUJ5rZB7K	08ct2eZF5lUPdJpHwNKWof	Cracked Rear View	1994	https://i.scdn.co/image/ab67616d0000b273820d2376b2fb84aa99823903
5K18gTgac0q6Jma5HkV1vA	37w38cCSGgKLdayTRjna4W	So Tonight That I Might See	1993	https://i.scdn.co/image/ab67616d0000b27389a392107ebd79818022b3ea
2HyJKdwnnaM156kvcPDwr8	4bthk9UfsYUYdcFyqxmSUU	Rule The World: The Greatest Hits	2017	https://i.scdn.co/image/ab67616d0000b273a9fac36898dc1302b5f642b3
58HZZpS0wxJKwGjoerg0mk	4pejUc4iciQfgdX6OKulQn	Songs For The Deaf	2002	https://i.scdn.co/image/ab67616d0000b2739b62c36a1f8ac00d60f460cc
0xAjncT0noqLbBH6iT4HjH	7qKoy46vPnmIxKCN6ewBG4	This Is Me...Justified and Stripped (Live)	2004	https://i.scdn.co/image/ab67616d0000b2735a802d724e98398a7fa7ceee
7cuwWzS0oiApEt2fpKafkX	1eClJfHLoDI4rZe5HxzBFv	Kick	1987	https://i.scdn.co/image/ab67616d0000b2734053ce7818f114a4e8dde08f
05kYWbiEVwGcd2Y2wolwWz	2iul6etLF5hjjpxo43rzz7	Plays Well With Others	2018	https://i.scdn.co/image/ab67616d0000b27385f03546f2dc91930b99874a
15k99o4mZJ9mfpQGIOrZ45	73sIBHcqh3Z3NyqHKZ7FOL	Summer Pack	2018	https://i.scdn.co/image/ab67616d0000b273602ca5b83fe44b68074a74b2
5zi7WsKlIiUXv09tbGLKsE	4V8LLVI7PbaPR0K2TGSxFF	IGOR	2019	https://i.scdn.co/image/ab67616d0000b2737005885df706891a3c182a57
2ninxvLuYGCb6H92qTaSFZ	3oDbviiivRWhXwIE8hxkVV	Greatest Hits	2012	https://i.scdn.co/image/ab67616d0000b27387ff937488599a929a5bfff5
1V8qUSg1WAHf3dCrVYdJ5Z	6loBF9iQdE11WSX29fNKqY	Dream Into Action	1985	https://i.scdn.co/image/ab67616d0000b2734b230178ff0f22cba27d7092
0qnHA4SDco9mPuWGzDqVDK	7guDJrEfX3qb6FEbdPA5qi	Up-Tight	1966	https://i.scdn.co/image/ab67616d0000b273c82a59431ee475300e2f618a
511e7X2zYDqPWQGADatYz2	0YHgnSkV3S5mvSSCTRWDi5	Friends With the Enemy	2011	https://i.scdn.co/image/ab67616d0000b2731706371ccf790d7ec8d0e0a4
7vNmiLEdMqJYUlPxSx2zgg	57bUPid8xztkieZfS7OlEV	I Hear A Symphony	1966	https://i.scdn.co/image/ab67616d0000b27316a6e92d6f1c8a02d68b4e44
4uiVwLbTzE6VMkXpaDAwB8	0X380XXQSNBYuleKzav5UO	The Fragile	1999	https://i.scdn.co/image/ab67616d0000b27378b860d90b266bfcd7e4c0be
1yIqauTni1V7l7djYAKSsZ	0bzfPKdbXL5ezYW2z3UGQj	KIWANUKA	2019	https://i.scdn.co/image/ab67616d0000b27360ada139840fb439d6750f27
6GphKx2QAPRoVGWE9D7ou8	3oDbviiivRWhXwIE8hxkVV	Pet Sounds (Original Mono & Stereo Mix Versions)	1966	https://i.scdn.co/image/ab67616d0000b273bde8dfd1922129f3d9e3732f
51C65YqHrDODM1hD5FEL5x	2YZyLoL8N0Wb9xBt1NhZWg	i	2014	https://i.scdn.co/image/ab67616d0000b2736d89f336fbfbdf2089701da0
7GpuEZzRrPT4IGiEuWaBzy	5eIbEEQnDM8yuDVB0bimSP	NOVA	2018	https://i.scdn.co/image/ab67616d0000b273eded2e9bae0cba9092424797
6XBKxM9rbzyOBP6gpE0qhd	3pkmfqaBNsMqnXus05PNfP	White People	2004	https://i.scdn.co/image/ab67616d0000b27381eac8fc86e62529641d803c
4uP43hIpmEEDuW7aOfiU2C	20wkVLutqVOYrc0kxFs7rA	Pilgrim's Paradise	2015	https://i.scdn.co/image/ab67616d0000b273a117ac19ee51aebdf05fe88c
1bTjSqotSDtUjcwFfukTQP	1mFX1QlezK1lNPKQJkhwWb	Heart Break	1988	https://i.scdn.co/image/ab67616d0000b273c31996a0e8cacc4c908249ca
6thSjE17RxW8tJFtLyXA3B	7guDJrEfX3qb6FEbdPA5qi	I Was Made To Love Her	1967	https://i.scdn.co/image/ab67616d0000b2733acbc801a982cbd02bc782c9
5wpZhWqsoXKBcVwvcEtCvv	0VbDAlm2KUlKI5UhXRBKWp	Electric Feel	2017	https://i.scdn.co/image/ab67616d0000b2739024f71abb56e984f5d9eb4d
4v9R5sk4HQ0X1krbEis34P	7KGqvFukcZRbQ7YFsYrgPa	Dreamin' Wild	1979	https://i.scdn.co/image/ab67616d0000b273556966ae0ac93e2aa1c3896a
0K3FiXt6ekJTWaUku3LpHL	6PEMFpe3PTOksdV4ZXUpbE	Yes Lawd!	2016	https://i.scdn.co/image/ab67616d0000b27313160a2de88c7be0adebb043
2aaWMtuGxw17AZpKhZGdXQ	4hz8tIajF2INpgM0qzPJz2	RKS	2015	https://i.scdn.co/image/ab67616d0000b2739e16f54ce1b5f9e1d8196ba3
0vVekV45lOaVKs6RZQQNob	2ooIqOf4X2uz4mMptXCtie	In the Aeroplane Over the Sea	1998	https://i.scdn.co/image/ab67616d0000b273589ce9a911c6e65b1f80c558
17l7MIu0Jh0tdgK7or9ovw	1KP6TWI40m7p3QBTU6u2xo	Dopamine	2015	https://i.scdn.co/image/ab67616d0000b273cc2cf912462d8ae4ef856434
4hruYceqit29o6m4arpAql	5wFXmYsg3KFJ8BDsQudJ4f	A Black Mile To The Surface	2017	https://i.scdn.co/image/ab67616d0000b2736827146a676dafc0357fa665
0y3tRiTDYzj5IuQb0Kk86x	1MIe1z4RdqLqHSJsb7EBMm	It’s Not All That Bad	2015	https://i.scdn.co/image/ab67616d0000b273069740bb736206138c87f7e8
15RYnRTIMHrCB6X3HjK2mC	4hz8tIajF2INpgM0qzPJz2	Mary (b-sides)	2019	https://i.scdn.co/image/ab67616d0000b273e81cd26a5fc0e1106cc5c747
4lGNpgFI67TUq5BMfnPe3Z	4hz8tIajF2INpgM0qzPJz2	Seven + Mary	2013	https://i.scdn.co/image/ab67616d0000b27317d131d429c783666c929d6b
3pWJFrSX6apPzt4inM4zXt	4l1cKWYW591xnwEGxpUg3J	iii	2016	https://i.scdn.co/image/ab67616d0000b27306eda68098c2a886a43685a8
2PIWPTOIxbaVSjTnc30vXS	0YrtvWJMgSdVrk3SfNjTbx	Asphalt Meadows	2022	https://i.scdn.co/image/ab67616d0000b273b808f709e7d5ed8e79cec246
05LEST8E8mkEIl2LRfUkcI	360IAlyVv4PCEVjgyMZrxK	War & Leisure	2017	https://i.scdn.co/image/ab67616d0000b2735e9dff10c31ac14c6c6c920d
493HYe7N5pleudEZRyhE7R	360IAlyVv4PCEVjgyMZrxK	All I Want Is You	2010	https://i.scdn.co/image/ab67616d0000b273d5a8395b0d80b8c48a5d851c
6gtu2oXhmDQN8TAsWimZbj	1fZpYWNWdL5Z3wrDtISFUH	Tomorrow	2016	https://i.scdn.co/image/ab67616d0000b273d9e9693926785359f903acb5
7kb2GfJGvn8Gr0LCGBSQjZ	0AkmSuTOzM2pNCIOSP8ziv	Volume 1	2018	https://i.scdn.co/image/ab67616d0000b273440d3f67a167757157bfb050
5CPwacWmIAaA5DLUq7EHUC	3dv4Q4q3LWOnbLJnC6GgTY	Harmless Melodies	2016	https://i.scdn.co/image/ab67616d0000b2731fffb4d9edbbc0426938bdcf
3YKQkIPHtWGuvkBeVNIMhg	60df5JBRRPcnSpsIMxxwQm	The Soul Album	1966	https://i.scdn.co/image/ab67616d0000b2734b56389fb1e78b2b3ab443d8
7ezeSBh9E63ijDAxn8Ke4P	360IAlyVv4PCEVjgyMZrxK	The Get Down: Original Soundtrack From The Netflix Original Series (Deluxe Version)	2016	https://i.scdn.co/image/ab67616d0000b273e3ece277a4777d53cc8a6046
1XoE7ZirQ3gjxq8HIzTJU9	3U3zr5PCRa9ty74uN46iBa	COWBOY BEBOP (Original Motion Picture Soundtrack)	1998	https://i.scdn.co/image/ab67616d0000b273e90a54d6e31d9ff3f1d566fa
0vuwlanMPucXrYMGnOjhYL	0EdvGhlC1FkGItLOWQzG4J	40oz. To Freedom	1992	https://i.scdn.co/image/ab67616d0000b273d77299e3d29f44495cd7fbcb
0PHH7ZnpTBkek9iQtGNBno	0V7uVrIYr4FwFvUN9S4kYr	Promenade Blue	2021	https://i.scdn.co/image/ab67616d0000b273c7ec21eb68ca90d031b0d3db
0msliOKoJh1aYmcpuEoBn2	0CUpzKPDfIVzYqMn47jiV3	If Words Were Flowers	2021	https://i.scdn.co/image/ab67616d0000b273035f697ee8ef8648a3153453
4aW4iDepQUl5ZCHd1Gli68	0fA0VVWsXO9YnASrzqfmYu	Entergalactic	2022	https://i.scdn.co/image/ab67616d0000b27371cecf4c653a4bad539da13d
5mlCtfr6NLphHzAaXIuXz4	3D4qYDvoPn5cQxtBm4oseo	Catch For Us The Foxes	2004	https://i.scdn.co/image/ab67616d0000b2730c7a52516acf1393f6f75b2f
7pLNHtWfSdcAaQ3QuGWttp	336wP75Xfy1WoqKRFt17IO	SKIN - EP	2016	https://i.scdn.co/image/ab67616d0000b27350f851e3afcc3ce87cf1bd6e
2K2u7usRIF03pywk6qxGlM	4wYk01oPJNfaEssVFL46oQ	Going Mainstream	2021	https://i.scdn.co/image/ab67616d0000b273eda96f4688e29241aaa0e9c3
3fzjXU2SSKero9gVMcPivX	4M5nCE77Qaxayuhp3fVn4V	The Shepherd's Dog	2007	https://i.scdn.co/image/ab67616d0000b273816243514f01ac30d0932622
5m1BQr6SaEOxEl7Pz6fba2	5VF0YkVLeVD4ytyiyVSIiF	The Socialites (Remixes)	2013	https://i.scdn.co/image/ab67616d0000b273313aeac150aaedbb3ed2e690
7BrlhEO8dHiNmU8A1Ep9RZ	66W9LaWS0DPdL7Sz8iYGYe	If the World Was Ending (feat. Julia Michaels)	2019	https://i.scdn.co/image/ab67616d0000b273dedbec8cca43642f06533476
3PsFboiPeObjAc6gbQHt54	3JaAGmSTpJK35DqWrDUzBz	Desolation Boulevard	1974	https://i.scdn.co/image/ab67616d0000b273bff2e9307284c5375b2a407a
1zCNrbPpz5OLSr6mSpPdKm	7jy3rLJdDQY21OgRLCZ9sD	Greatest Hits	2009	https://i.scdn.co/image/ab67616d0000b273136d7250568820409f8fdd60
4yItCYzksCSiB8RcUsAdSg	3D4qYDvoPn5cQxtBm4oseo	Brother, Sister	2006	https://i.scdn.co/image/ab67616d0000b273c3834c0b6955a4e1f0c8dfca
7ol1497lKAmAj2QVG1AulZ	1ikg4sypcURm8Vy5GP68xb	Hippie Castle EP	2015	https://i.scdn.co/image/ab67616d0000b27303df0f7785f964d7498a840b
\.


--
-- Data for Name: artists; Type: TABLE DATA; Schema: public; Owner: cnicosia
--

COPY public.artists (artist_id, name) FROM stdin;
0qu422H5MOoQxGjd4IzHbS	Yves Tumor
65dGLGjkw3UbddUg2GKQoZ	BADBADNOTGOOD
4lujUKeO6nQAJXpq37Epn7	Son Little
6ltzsmQQbmdoHHbLZ4ZN25	Lord Huron
0YrtvWJMgSdVrk3SfNjTbx	Death Cab for Cutie
0bzfPKdbXL5ezYW2z3UGQj	Michael Kiwanuka
3M4ThdJR28z9eSMcQHAZ5G	The Fratellis
30DhU7BDmF4PH0JVhu8ZRg	Sabrina Claudio
360IAlyVv4PCEVjgyMZrxK	Miguel
34jw2BbxjoYalTp8cJFCPv	Heart
5Q81rlcTFh3k6DQJXPdsot	Mura Masa
2YZyLoL8N0Wb9xBt1NhZWg	Kendrick Lamar
4hz8tIajF2INpgM0qzPJz2	Rainbow Kitten Surprise
1Xyo4u8uXC1ZmMpatF05PJ	The Weeknd
7CyeXFnOrfC1N6z4naIpgo	The Ronettes
55VydwMyCuGcavwPuhutPL	The Used
08ct2eZF5lUPdJpHwNKWof	Hootie & The Blowfish
37w38cCSGgKLdayTRjna4W	Mazzy Star
4bthk9UfsYUYdcFyqxmSUU	Tears For Fears
4pejUc4iciQfgdX6OKulQn	Queens of the Stone Age
7qKoy46vPnmIxKCN6ewBG4	Butch Walker
1eClJfHLoDI4rZe5HxzBFv	INXS
2iul6etLF5hjjpxo43rzz7	Lera Lynn
73sIBHcqh3Z3NyqHKZ7FOL	Childish Gambino
4V8LLVI7PbaPR0K2TGSxFF	Tyler, The Creator
3oDbviiivRWhXwIE8hxkVV	The Beach Boys
6loBF9iQdE11WSX29fNKqY	Howard Jones
7guDJrEfX3qb6FEbdPA5qi	Stevie Wonder
0YHgnSkV3S5mvSSCTRWDi5	Poor Mans Poison
57bUPid8xztkieZfS7OlEV	The Supremes
0X380XXQSNBYuleKzav5UO	Nine Inch Nails
5eIbEEQnDM8yuDVB0bimSP	RL Grime
3pkmfqaBNsMqnXus05PNfP	Handsome Boy Modeling School
20wkVLutqVOYrc0kxFs7rA	Daniel Caesar
1mFX1QlezK1lNPKQJkhwWb	New Edition
0VbDAlm2KUlKI5UhXRBKWp	Henry Green
7KGqvFukcZRbQ7YFsYrgPa	Donnie & Joe Emerson
6PEMFpe3PTOksdV4ZXUpbE	NxWorries
2ooIqOf4X2uz4mMptXCtie	Neutral Milk Hotel
1KP6TWI40m7p3QBTU6u2xo	BØRNS
5wFXmYsg3KFJ8BDsQudJ4f	Manchester Orchestra
1MIe1z4RdqLqHSJsb7EBMm	The Greeting Committee
4l1cKWYW591xnwEGxpUg3J	Miike Snow
1fZpYWNWdL5Z3wrDtISFUH	Shakey Graves
0AkmSuTOzM2pNCIOSP8ziv	Amigo the Devil
3dv4Q4q3LWOnbLJnC6GgTY	Yellow Days
60df5JBRRPcnSpsIMxxwQm	Otis Redding
3U3zr5PCRa9ty74uN46iBa	SEATBELTS
0EdvGhlC1FkGItLOWQzG4J	Sublime
0V7uVrIYr4FwFvUN9S4kYr	Nick Waterhouse
0CUpzKPDfIVzYqMn47jiV3	Curtis Harding
0fA0VVWsXO9YnASrzqfmYu	Kid Cudi
3D4qYDvoPn5cQxtBm4oseo	mewithoutYou
336wP75Xfy1WoqKRFt17IO	Goldilox
4wYk01oPJNfaEssVFL46oQ	Coast Modern
4M5nCE77Qaxayuhp3fVn4V	Iron & Wine
5VF0YkVLeVD4ytyiyVSIiF	Dirty Projectors
66W9LaWS0DPdL7Sz8iYGYe	JP Saxe
3JaAGmSTpJK35DqWrDUzBz	Sweet
7jy3rLJdDQY21OgRLCZ9sD	Foo Fighters
1ikg4sypcURm8Vy5GP68xb	Magic City Hippies
\.


--
-- Data for Name: features; Type: TABLE DATA; Schema: public; Owner: cnicosia
--

COPY public.features (track_id, danceability, energy, key, loudness, mode, speechiness, acousticness, instrumentalness, liveness, valence, tempo, time_signature, duration_ms) FROM stdin;
1Kjw0LwdniCWran4PxJqPQ	0.506	0.746	7	-7.385	0	0.0307	0.00183	0	0.109	0.299	130.996	4	305507
1I40L32fTSSkBkPeArX9Ul	0.619	0.381	11	-10.691	0	0.0523	0.471	0.0318	0.101	0.312	139.929	4	273864
5fBjPtOxhgdpU6LNWLyVHv	0.599	0.377	7	-9.829	1	0.105	0.441	0.00813	0.105	0.543	74.314	4	213137
4FE9SgxcOoCNuGnaaU8TXz	0.686	0.413	6	-6.332	0	0.0263	0.103	0.115	0.122	0.595	95.989	3	311227
4FF4q2qyOsFhRavZ0bdVXT	0.597	0.0958	2	-17.319	1	0.0329	0.775	0.0188	0.11	0.0961	77.681	3	221693
0qprlw0jfsW4H9cG0FFE0Z	0.489	0.404	8	-7.815	1	0.0261	0.487	0.0485	0.14	0.153	108.01	4	597600
3jp7Ryj1sX3riA7NQaVlLd	0.599	0.691	4	-4.571	1	0.0301	0.0489	0	0.0835	0.729	131.578	4	215853
2I88NEWpKrAPZuapXNV5G6	0.605	0.553	10	-10.845	0	0.101	0.274	0.0152	0.184	0.62	152.076	4	185617
6YZQx90VEuzf0lRY9TYh7j	0.673	0.596	11	-6.489	0	0.0438	0.316	1.88e-05	0.107	0.22	75.022	4	226720
54b8qPFqYqIndfdxiLApea	0.418	0.452	1	-13.099	1	0.0356	0.638	0.00026	0.0959	0.168	175.088	4	218733
3sTN90bIP2cJ1783ctHykO	0.625	0.763	8	-4.997	0	0.129	0.147	0.0106	0.214	0.721	88.753	4	192160
2P3SLxeQHPqh8qKB6gtJY2	0.779	0.572	6	-9.985	0	0.378	0.157	0	0.246	0.647	135.956	4	300160
474uVhyGgK5MtY9gMcDgGl	0.744	0.516	2	-6.365	1	0.0513	0.632	0	0.605	0.281	97.944	4	152293
16ro1is6DmDKkarlJMBbzV	0.727	0.48	5	-9.278	0	0.0987	0.444	0	0.118	0.369	120.025	4	269053
4frLb7nWtsz2ymBE6k2GRP	0.659	0.291	2	-8.275	0	0.0348	0.405	0	0.0771	0.406	119.829	3	277680
2G2YzndIA6jeWFPBXhUjh5	0.511	0.769	4	-7.032	1	0.042	0.181	0	0.0921	0.818	129.657	4	160907
5jZ1Z2GFTf2gwmFc3qiUxs	0.541	0.904	7	-3.001	1	0.0435	0.00143	0	0.193	0.541	98.122	4	208693
5vyt44455ipNNVSYq8fYY7	0.789	0.593	5	-7.877	0	0.0582	0.383	1.29e-06	0.191	0.293	109.952	4	163747
1OFKUn2VLafrHj7ybnap0Q	0.49	0.873	6	-5.861	1	0.0355	0.107	5.19e-06	0.118	0.513	103.272	4	229587
21oJ1K99GBJrE2GVQGVjA0	0.486	0.419	5	-6.415	1	0.0563	0.741	6.59e-05	0.096	0.227	119.065	3	244910
1LzNfuep1bnAUR9skqdHCK	0.42	0.33	9	-13.925	1	0.0275	0.245	0.000679	0.0677	0.175	157.143	3	295600
748yv6bb3l3CcKS45a6SZ8	0.602	0.839	4	-4.251	0	0.0255	0.502	0.00128	0.095	0.653	95.159	4	256147
6NvRxjfYkkT2SpirAlmsjH	0.507	0.588	0	-4.881	1	0.0641	0.0359	0.000129	0.373	0.637	170.889	4	278707
0hJS3EHWC4uL9sJ52ErpoN	0.799	0.497	4	-6.57	1	0.141	0.0745	1.28e-05	0.174	0.488	115.157	4	192013
1ZaNp6b4cY3zcrciagi7td	0.376	0.537	9	-8.492	1	0.0801	0.89	0	0.905	0.256	75.496	4	355733
1qQSRy9DjrGh3jtsSCU6B1	0.665	0.686	0	-5.849	1	0.0268	0.0518	0.000176	0.174	0.275	96.848	3	185694
3s8MBOMdUi5Vol77qq8KJJ	0.351	0.467	9	-10.196	0	0.0568	0.69	8.75e-06	0.0904	0.184	158.203	4	245013
4j3GWI86JvSaF0BLdmgcfF	0.76	0.579	0	-7.374	1	0.0567	0.0127	0.00344	0.106	0.129	100.011	4	213600
4f8Mh5wuWHOsfXtzjrJB3t	0.826	0.579	8	-8.241	0	0.0801	0.00881	0	0.129	0.431	121.075	4	212013
6VojZJpMyuKClbwyilWlQj	0.385	0.657	5	-6.975	1	0.0342	0.724	0	0.105	0.672	124.895	4	153867
1TDdYSYLIXMJ4EiKO6ZCYk	0.691	0.482	7	-10.954	1	0.201	0.623	0.00671	0.208	0.433	160.072	4	154213
1RbOObDFn7GOseR1w529Zj	0.752	0.743	7	-6.083	1	0.0331	0.0314	0.000117	0.128	0.832	108.254	4	235827
0Hw6SCrtU9pFCjgAONpnGZ	0.593	0.642	5	-9.894	0	0.0304	0.186	0	0.129	0.919	133.281	4	174400
0S29RwGLJutn4qnFJQL13n	0.48	0.621	10	-6.938	1	0.0345	0.345	0.014	0.255	0.633	175.954	4	204323
5SCB7L1alKg7ZEeSw7Sq9f	0.521	0.606	10	-7.817	0	0.0277	0.322	0.000257	0.0888	0.433	70.38	4	162533
3aN2V18W3EiW7eg5tHALpF	0.551	0.683	0	-7.308	1	0.0345	0.000297	0.305	0.105	0.179	100.03	4	436000
5hVghJ4KaYES3BFUATCYn0	0.554	0.498	9	-8.866	1	0.0685	0.23	5.98e-06	0.795	0.413	79.635	4	190067
3zJ5RDG0bLQAV2rntFgUtb	0.643	0.773	1	-7.998	1	0.0414	0.188	0.000412	0.0986	0.653	124.538	4	249333
6iGU74CwXuT4XVepjc9Emf	0.521	0.487	6	-7.525	0	0.0299	0.253	0	0.0579	0.483	117.072	4	173040
6fc51JZVE0Yijdi6RuoLFv	0.754	0.405	7	-11.547	1	0.0378	0.466	0.00179	0.1	0.0843	114.938	4	213973
7wdzLe2Gsx1RGqbvYZHASz	0.755	0.884	10	-5.296	0	0.0638	0.0208	2.97e-06	0.248	0.897	121.927	4	231933
3imS277wRbz1CFoDySgTff	0.49	0.629	2	-4.072	0	0.0399	0.0732	0	0.0957	0.3	74.967	4	201600
3mT1AONeTJDi1k8vH8pA2L	0.705	0.479	5	-9.217	0	0.0767	0.499	0.000425	0.114	0.431	80.009	4	324067
7Cu2COdH93MnuireuKNiS3	0.41	0.298	3	-11.796	1	0.0473	0.721	0	0.158	0.142	109.651	3	246972
7JmPqImeW3kLoYVNBA9v11	0.588	0.856	5	-12.418	0	0.0378	0.0915	2.62e-05	0.365	0.781	97.968	4	309840
2aCKBrLn7rbhStk5k4FwnF	0.371	0.613	7	-6.685	0	0.0452	0.0589	0	0.0479	0.873	203.732	4	156440
0vJvCnuxXL2BCSRa1ZoeNl	0.399	0.163	3	-16.436	0	0.0382	0.963	0.00132	0.0885	0.242	94.011	3	199654
1zkkvSLk5Nh4uoyKWwuie9	0.564	0.294	7	-8.885	0	0.0349	0.636	0	0.0982	0.213	149.98	4	174387
62wdQ5CInFr7cjISqrr46f	0.508	0.325	2	-11.627	1	0.037	0.96	0.00259	0.188	0.274	92.187	4	250533
3iVp14VoAsAZkIdgQoRRAb	0.353	0.748	0	-5.984	1	0.246	0.565	7.86e-06	0.551	0.287	137.856	3	165627
04M3DsiMNyn8s5XQJrW5sL	0.631	0.277	5	-10.985	1	0.0537	0.772	0	0.114	0.214	114.765	4	237493
5rfT032kGmLvbxZzfHlu5D	0.271	0.714	7	-5.124	1	0.0329	0.392	0	0.115	0.239	94.158	3	202347
2pA4ip3VIEVcIa3qE02oAX	0.568	0.578	6	-5.589	1	0.0404	0.00694	0.000353	0.099	0.555	139.951	4	174693
1k7aPYyAnNTjVbjw1YDNp1	0.621	0.427	11	-11.464	0	0.0733	0.79	0	0.189	0.275	150.037	4	196573
41xaZ4WLlKD95U5PknoJrV	0.678	0.81	7	-5.665	1	0.279	0.0635	3.8e-06	0.0343	0.804	74.964	4	172467
5zzWx7oJ9zBmv76uFaFeYR	0.763	0.599	9	-8.285	0	0.0417	0.0856	0.00678	0.113	0.306	110.098	4	229653
63k361zOGEhmvgzBdzzSGP	0.512	0.614	6	-14.368	1	0.0292	0.104	0.738	0.252	0.965	168.071	4	117173
33vFhGNZa44VJ0I21AOGYe	0.758	0.551	0	-8.879	1	0.0732	0.604	0.000663	0.104	0.365	114.892	4	109227
03v70ZBxmcPX3RWAZMzqaW	0.644	0.478	11	-6.469	1	0.0529	0.194	0.00376	0.106	0.496	159.898	4	190253
1RzgWAFlI6KOenjOxJYcH0	0.501	0.477	6	-9.507	1	0.217	0.987	0.803	0.154	0.0897	106.595	3	127640
2OeL43EXwaC205Xr1da1qJ	0.411	0.096	10	-17.007	1	0.0588	0.863	0.000245	0.117	0.198	91.91	4	242227
5CU1bbfY1wUPm7fU255Dhf	0.407	0.519	5	-6.47	1	0.0336	0.11	0.889	0.409	0.342	94.001	4	120427
0dqJjKKxuKD5Dt3QH2n4CG	0.426	0.634	4	-7.116	1	0.0341	0.404	0.00356	0.222	0.284	98.925	4	257693
5L7IgwUPhir2FJftGNXJDW	0.632	0.556	1	-8.851	1	0.12	0.721	0	0.0995	0.385	78.603	4	219696
35mL8keNDi2VLHrFXZCgJR	0.699	0.458	0	-12.357	1	0.106	0.372	1.33e-06	0.111	0.269	129.991	4	221546
5C90m8eM6GJR2SACiLAWHo	0.786	0.607	2	-7.992	0	0.0517	0.114	0.372	0.104	0.56	125.811	4	197773
5IRdIQNIZzVqE4XyBylkvd	0.595	0.537	9	-7.666	1	0.0325	0.108	0.00511	0.11	0.217	129.764	4	249147
4Fc62OkXYtEOjMmaSyJoQY	0.544	0.625	10	-6.797	0	0.0342	0.00384	0.00657	0.0889	0.43	75.243	4	210080
50bmpfgcV29ouRVDfr5wOc	0.466	0.302	9	-10.334	0	0.0509	0.388	0	0.262	0.298	131.951	4	215427
5do7Ql6G8N03fY6G9Y08Ec	0.725	0.362	7	-12.424	1	0.0643	0.84	0.181	0.106	0.249	119.938	4	231907
6MDijuuArPJv1vbp7K1x3f	0.688	0.847	10	-3.238	0	0.0508	0.04	2.81e-06	0.598	0.453	93.979	4	212147
0b2vqB7QNT4z8nnaYqbuel	0.692	0.391	9	-9.073	1	0.0338	0.00563	0.000397	0.0983	0.387	95.022	4	220453
0ZAbupc7jAQpG9IxojQ3s3	0.822	0.362	2	-7.462	1	0.0411	0.16	0	0.313	0.159	119.903	4	229667
3LcjZGk0GBlPRe5XhYVGgM	0.624	0.726	2	-4.585	1	0.052	0.0298	0	0.301	0.83	99.996	4	213720
0JXXNGljqupsJaZsgSbMZV	0.684	0.607	11	-8.127	0	0.1	0.0267	0.000307	0.191	0.498	81.001	4	195373
244QS6446wyO1UfVTWlOlR	0.266	0.426	9	-9.114	1	0.0364	0.0911	0.16	0.181	0.236	101.249	4	178307
47KDDZgFiX1w6RFOuLXsSn	0.564	0.354	7	-10.85	1	0.0334	0.73	3.43e-06	0.208	0.423	98.075	3	240587
3banchOoe2giyRK0jaO1c7	0.718	0.327	9	-7.602	0	0.0292	0.776	2.05e-05	0.088	0.507	82.582	4	201000
27AG99NmWMFLRoyZMMPNW2	0.342	0.613	7	-4.084	1	0.0311	0.705	0	0.14	0.267	145.84	4	266107
7trx783SvnHhKkmgSSTIFJ	0.554	0.337	1	-10.189	1	0.0351	0.581	0	0.0871	0.216	89.961	4	343485
5VA4Ispp52EA1sOqzMz3Av	0.776	0.603	5	-5.696	1	0.0343	0.0728	6.25e-05	0.111	0.921	96.888	4	295920
7l5j3FapCyr6HxUgoAynM2	0.576	0.535	9	-8.392	1	0.041	0.588	0.0106	0.31	0.196	139.939	4	280074
4hv7GT5g9qNnrxlocsOSYt	0.554	0.56	4	-4.824	0	0.0415	0.142	0	0.104	0.0786	131.206	4	233707
4PFiLGx8jAzcAJxwPLUeZ9	0.483	0.275	0	-13.609	1	0.0418	0.232	0	0.125	0.31	138.063	3	240800
1ULovMYbbglXIn9TQzMsKz	0.219	0.827	5	-5.395	1	0.123	0.0477	0	0.135	0.121	131.7	4	186280
4isk4UYRcmslphcTq61xUg	0.372	0.641	9	-4.819	0	0.149	0.216	0	0.114	0.647	67.82	4	226360
5WoaF1B5XIEnWfmb5NZikf	0.674	0.506	6	-10.532	1	0.0434	0.173	0	0.0866	0.183	145.965	4	259333
7sf0tmuGZlHXUWpi9dQqcw	0.67	0.735	0	-6.712	1	0.0645	0.108	0.00042	0.251	0.498	112.52	4	315933
64DpBZj4IlDFzCwxTq7azl	0.0621	0.887	7	-4.305	1	0.0632	0.0399	0.000156	0.619	0.48	198.441	4	192533
37ZvpHeZKazqOnLfAGm9nb	0.624	0.476	4	-10.993	1	0.0416	0.0238	0.141	0.0997	0.184	119.968	4	206627
5p0bEz7DNsULez2X9yrNGa	0.79	0.737	8	-7.92	1	0.0284	0.0236	0.0149	0.114	0.693	119.001	4	168187
1dxXQuExRVu77xF1r5YtRF	0.518	0.757	6	-8.584	0	0.0555	0.000777	0.00931	0.115	0.189	129.901	4	130107
0wejso6CHHEEqvTD3f3gBz	0.544	0.369	10	-9.617	1	0.0319	0.527	0.000189	0.101	0.105	144.073	4	246080
23od4rorIdhvYeLL7YqP9n	0.641	0.507	9	-11.326	1	0.027	0.167	0.424	0.095	0.312	114.99	3	315427
2I3ZdIFXnRn1PSAdMC4w71	0.553	0.526	2	-11.51	1	0.0257	0.368	9.81e-05	0.288	0.582	83.99	4	218947
7Cva2EgJougx6O6M5xgWAq	0.62	0.773	2	-8.324	1	0.0382	0.0741	0.000606	0.158	0.934	157.991	4	226320
7KR5uycb8gfQYRl1MTL8aB	0.47	0.696	2	-8.996	0	0.0347	0.00128	0.000168	0.098	0.263	156.916	4	264960
7xjbn0bhs7zx7E1s0lCqT3	0.619	0.578	7	-8.829	1	0.0738	0.0185	3.11e-05	0.139	0.556	144.986	5	245427
1AR58rtcLziNnRHTCmCywd	0.537	0.784	9	-7.78	1	0.0425	0.00694	6.99e-05	0.298	0.395	78.053	4	211680
2Wi5ubKr8zSk8L3CLemyS4	0.401	0.902	0	-6.814	1	0.154	0.0296	0.918	0.614	0.58	137.363	4	210333
3Cx9j78Z0NE6jYwBWvvV3P	0.925	0.229	4	-9.68	1	0.445	0.579	0.00578	0.116	0.168	104.273	4	140227
4J6JARDGkdc1fqLEflP94Z	0.303	0.344	6	-11.919	0	0.0327	0.817	0.0512	0.118	0.164	154.572	3	278200
3mMPb6eqYTXOyjHV6pzsEf	0.702	0.527	9	-6.808	0	0.0416	0.758	6.62e-05	0.359	0.719	117.309	4	171089
6cJZx1AeXC7CIi6xZrJQq7	0.704	0.841	4	-5.732	0	0.0303	0.15	0.00283	0.11	0.769	119.98	4	199640
7xENAAODeE2hKzdWFI6YaB	0.269	0.387	6	-13.482	0	0.0382	0.44	0.895	0.126	0.0494	84.823	4	90480
0BMzC3hYff1zj2MsllexiU	0.453	0.956	4	-4.973	1	0.0666	0.0014	0.877	0.0997	0.269	81.529	4	206440
0fstAyTs1mb4OqpxE1CxZ1	0.427	0.346	9	-7.358	0	0.0452	0.646	0.00177	0.372	0.156	105.125	3	234387
0ncGfTV06HogJIgn2Ujjgb	0.549	0.657	3	-7.924	1	0.0264	0.0502	1.67e-05	0.35	0.641	82.033	4	212867
1fEGtTZjrjJW8eUeewnNJR	0.369	0.403	3	-7.996	1	0.0259	0.827	0.0541	0.106	0.177	154.899	3	241917
1wgU78h61rVCbOsFAHv2Hw	0.726	0.466	8	-13.775	0	0.0954	0.345	0.0331	0.0849	0.33	90.491	4	263920
2kJwzbxV2ppxnQoYw4GLBZ	0.464	0.473	1	-10.086	1	0.129	0.866	0	0.109	0.604	75.801	4	208687
3Pu3IChaAoa5EjgUBv5F6x	0.644	0.799	4	-10.856	0	0.0598	0.0821	0.00154	0.055	0.889	108.381	4	246573
3QmesrvdbPjwf7i40nht1D	0.643	0.344	2	-11.342	1	0.0349	0.909	0.0112	0.106	0.547	144.171	4	250907
1Zi74xhSWk5R13oGceGsfm	0.512	0.667	3	-5.463	1	0.0274	0.623	0.069	0.255	0.496	103.949	4	233357
4sD9nPRNqWww4mADeEfJhi	0.344	0.776	11	-6.638	0	0.0309	0.119	0.12	0.112	0.316	87.325	4	332813
3NMFdFi82kdYIAuM7RoLNA	0.451	0.717	4	-5.188	0	0.0449	0.0047	6.2e-06	0.405	0.437	124.011	4	232600
3NmKtmTJJXniwNRaMLNeJF	0.391	0.735	11	-5.828	0	0.0345	0.00285	0.00324	0.332	0.351	112.627	4	267133
5IOjHxhDVsW9hCebpWIjkq	0.408	0.991	2	-2.895	0	0.112	0.0152	0	0.503	0.305	91.253	4	156973
2YT7gnUsicqZhmK3Fkb5L8	0.706	0.457	4	-9.359	1	0.0383	0.282	0.0079	0.0614	0.723	78.013	4	209165
\.


--
-- Data for Name: items; Type: TABLE DATA; Schema: public; Owner: cnicosia
--

COPY public.items (id, user_id, date, item_type, timespan, rank, spotify_id) FROM stdin;
1	12163992542	1667501026	track	long_term	1	1Kjw0LwdniCWran4PxJqPQ
2	12163992542	1667501026	track	long_term	2	1I40L32fTSSkBkPeArX9Ul
3	12163992542	1667501026	track	long_term	3	5fBjPtOxhgdpU6LNWLyVHv
4	12163992542	1667501026	track	long_term	4	4FE9SgxcOoCNuGnaaU8TXz
5	12163992542	1667501026	track	long_term	5	4FF4q2qyOsFhRavZ0bdVXT
6	12163992542	1667501026	track	long_term	6	0qprlw0jfsW4H9cG0FFE0Z
7	12163992542	1667501026	track	long_term	7	3jp7Ryj1sX3riA7NQaVlLd
8	12163992542	1667501026	track	long_term	8	2I88NEWpKrAPZuapXNV5G6
9	12163992542	1667501026	track	long_term	9	6YZQx90VEuzf0lRY9TYh7j
10	12163992542	1667501026	track	long_term	10	54b8qPFqYqIndfdxiLApea
11	12163992542	1667501026	track	long_term	11	3sTN90bIP2cJ1783ctHykO
12	12163992542	1667501026	track	long_term	12	2P3SLxeQHPqh8qKB6gtJY2
13	12163992542	1667501026	track	long_term	13	474uVhyGgK5MtY9gMcDgGl
14	12163992542	1667501026	track	long_term	14	16ro1is6DmDKkarlJMBbzV
15	12163992542	1667501026	track	long_term	15	4frLb7nWtsz2ymBE6k2GRP
16	12163992542	1667501026	track	long_term	16	2G2YzndIA6jeWFPBXhUjh5
17	12163992542	1667501026	track	long_term	17	5jZ1Z2GFTf2gwmFc3qiUxs
18	12163992542	1667501026	track	long_term	18	5vyt44455ipNNVSYq8fYY7
19	12163992542	1667501026	track	long_term	19	1OFKUn2VLafrHj7ybnap0Q
20	12163992542	1667501026	track	long_term	20	21oJ1K99GBJrE2GVQGVjA0
21	12163992542	1667501026	track	long_term	21	1LzNfuep1bnAUR9skqdHCK
22	12163992542	1667501026	track	long_term	22	748yv6bb3l3CcKS45a6SZ8
23	12163992542	1667501026	track	long_term	23	6NvRxjfYkkT2SpirAlmsjH
24	12163992542	1667501026	track	long_term	24	0hJS3EHWC4uL9sJ52ErpoN
25	12163992542	1667501026	track	long_term	25	1ZaNp6b4cY3zcrciagi7td
26	12163992542	1667501026	track	long_term	26	1qQSRy9DjrGh3jtsSCU6B1
27	12163992542	1667501026	track	long_term	27	3s8MBOMdUi5Vol77qq8KJJ
28	12163992542	1667501026	track	long_term	28	4j3GWI86JvSaF0BLdmgcfF
29	12163992542	1667501026	track	long_term	29	4f8Mh5wuWHOsfXtzjrJB3t
30	12163992542	1667501026	track	long_term	30	6VojZJpMyuKClbwyilWlQj
31	12163992542	1667501026	track	long_term	31	1TDdYSYLIXMJ4EiKO6ZCYk
32	12163992542	1667501026	track	long_term	32	1RbOObDFn7GOseR1w529Zj
33	12163992542	1667501026	track	long_term	33	0Hw6SCrtU9pFCjgAONpnGZ
34	12163992542	1667501026	track	long_term	34	0S29RwGLJutn4qnFJQL13n
35	12163992542	1667501026	track	long_term	35	5SCB7L1alKg7ZEeSw7Sq9f
36	12163992542	1667501026	track	long_term	36	3aN2V18W3EiW7eg5tHALpF
37	12163992542	1667501026	track	long_term	37	5hVghJ4KaYES3BFUATCYn0
38	12163992542	1667501026	track	long_term	38	3zJ5RDG0bLQAV2rntFgUtb
39	12163992542	1667501026	track	long_term	39	6iGU74CwXuT4XVepjc9Emf
40	12163992542	1667501026	track	long_term	40	6fc51JZVE0Yijdi6RuoLFv
41	12163992542	1667501026	track	long_term	41	7wdzLe2Gsx1RGqbvYZHASz
42	12163992542	1667501026	track	long_term	42	3imS277wRbz1CFoDySgTff
43	12163992542	1667501026	track	long_term	43	3mT1AONeTJDi1k8vH8pA2L
44	12163992542	1667501026	track	long_term	44	7Cu2COdH93MnuireuKNiS3
45	12163992542	1667501026	track	long_term	45	7JmPqImeW3kLoYVNBA9v11
46	12163992542	1667501026	track	long_term	46	2aCKBrLn7rbhStk5k4FwnF
47	12163992542	1667501026	track	long_term	47	0vJvCnuxXL2BCSRa1ZoeNl
48	12163992542	1667501026	track	long_term	48	1zkkvSLk5Nh4uoyKWwuie9
49	12163992542	1667501026	track	long_term	49	62wdQ5CInFr7cjISqrr46f
50	12163992542	1667501026	track	long_term	50	3iVp14VoAsAZkIdgQoRRAb
51	12163992542	1667501026	track	medium_term	1	16ro1is6DmDKkarlJMBbzV
52	12163992542	1667501026	track	medium_term	2	0hJS3EHWC4uL9sJ52ErpoN
53	12163992542	1667501026	track	medium_term	3	5vyt44455ipNNVSYq8fYY7
54	12163992542	1667501026	track	medium_term	4	474uVhyGgK5MtY9gMcDgGl
55	12163992542	1667501026	track	medium_term	5	1TDdYSYLIXMJ4EiKO6ZCYk
56	12163992542	1667501026	track	medium_term	6	6fc51JZVE0Yijdi6RuoLFv
57	12163992542	1667501026	track	medium_term	7	04M3DsiMNyn8s5XQJrW5sL
58	12163992542	1667501026	track	medium_term	8	5rfT032kGmLvbxZzfHlu5D
59	12163992542	1667501026	track	medium_term	9	2pA4ip3VIEVcIa3qE02oAX
60	12163992542	1667501026	track	medium_term	10	1k7aPYyAnNTjVbjw1YDNp1
61	12163992542	1667501026	track	medium_term	11	41xaZ4WLlKD95U5PknoJrV
62	12163992542	1667501026	track	medium_term	12	5zzWx7oJ9zBmv76uFaFeYR
63	12163992542	1667501026	track	medium_term	13	1zkkvSLk5Nh4uoyKWwuie9
64	12163992542	1667501026	track	medium_term	14	63k361zOGEhmvgzBdzzSGP
65	12163992542	1667501026	track	medium_term	15	33vFhGNZa44VJ0I21AOGYe
66	12163992542	1667501026	track	medium_term	16	03v70ZBxmcPX3RWAZMzqaW
67	12163992542	1667501026	track	medium_term	17	1RzgWAFlI6KOenjOxJYcH0
68	12163992542	1667501026	track	medium_term	18	2OeL43EXwaC205Xr1da1qJ
69	12163992542	1667501026	track	medium_term	19	5CU1bbfY1wUPm7fU255Dhf
70	12163992542	1667501026	track	medium_term	20	0dqJjKKxuKD5Dt3QH2n4CG
71	12163992542	1667501026	track	medium_term	21	5L7IgwUPhir2FJftGNXJDW
72	12163992542	1667501026	track	medium_term	22	35mL8keNDi2VLHrFXZCgJR
73	12163992542	1667501026	track	medium_term	23	3aN2V18W3EiW7eg5tHALpF
74	12163992542	1667501026	track	medium_term	24	5C90m8eM6GJR2SACiLAWHo
75	12163992542	1667501026	track	medium_term	25	4FF4q2qyOsFhRavZ0bdVXT
76	12163992542	1667501026	track	medium_term	26	5IRdIQNIZzVqE4XyBylkvd
77	12163992542	1667501026	track	medium_term	27	6YZQx90VEuzf0lRY9TYh7j
78	12163992542	1667501026	track	medium_term	28	4Fc62OkXYtEOjMmaSyJoQY
79	12163992542	1667501026	track	medium_term	29	50bmpfgcV29ouRVDfr5wOc
80	12163992542	1667501026	track	medium_term	30	5do7Ql6G8N03fY6G9Y08Ec
81	12163992542	1667501026	track	medium_term	31	6MDijuuArPJv1vbp7K1x3f
82	12163992542	1667501026	track	medium_term	32	0b2vqB7QNT4z8nnaYqbuel
83	12163992542	1667501026	track	medium_term	33	0ZAbupc7jAQpG9IxojQ3s3
84	12163992542	1667501026	track	medium_term	34	3LcjZGk0GBlPRe5XhYVGgM
85	12163992542	1667501026	track	medium_term	35	0JXXNGljqupsJaZsgSbMZV
86	12163992542	1667501026	track	medium_term	36	244QS6446wyO1UfVTWlOlR
87	12163992542	1667501026	track	medium_term	37	47KDDZgFiX1w6RFOuLXsSn
88	12163992542	1667501026	track	medium_term	38	3banchOoe2giyRK0jaO1c7
89	12163992542	1667501026	track	medium_term	39	27AG99NmWMFLRoyZMMPNW2
90	12163992542	1667501026	track	medium_term	40	7trx783SvnHhKkmgSSTIFJ
91	12163992542	1667501026	track	medium_term	41	5VA4Ispp52EA1sOqzMz3Av
92	12163992542	1667501026	track	medium_term	42	7l5j3FapCyr6HxUgoAynM2
93	12163992542	1667501026	track	medium_term	43	4hv7GT5g9qNnrxlocsOSYt
94	12163992542	1667501026	track	medium_term	44	4PFiLGx8jAzcAJxwPLUeZ9
95	12163992542	1667501026	track	medium_term	45	1ULovMYbbglXIn9TQzMsKz
96	12163992542	1667501026	track	medium_term	46	4isk4UYRcmslphcTq61xUg
97	12163992542	1667501026	track	medium_term	47	5WoaF1B5XIEnWfmb5NZikf
98	12163992542	1667501026	track	medium_term	48	7sf0tmuGZlHXUWpi9dQqcw
99	12163992542	1667501026	track	medium_term	49	64DpBZj4IlDFzCwxTq7azl
100	12163992542	1667501026	track	medium_term	50	37ZvpHeZKazqOnLfAGm9nb
101	12163992542	1667501026	track	short_term	1	0b2vqB7QNT4z8nnaYqbuel
102	12163992542	1667501026	track	short_term	2	16ro1is6DmDKkarlJMBbzV
103	12163992542	1667501026	track	short_term	3	5vyt44455ipNNVSYq8fYY7
104	12163992542	1667501026	track	short_term	4	1TDdYSYLIXMJ4EiKO6ZCYk
105	12163992542	1667501026	track	short_term	5	0hJS3EHWC4uL9sJ52ErpoN
106	12163992542	1667501026	track	short_term	6	474uVhyGgK5MtY9gMcDgGl
107	12163992542	1667501026	track	short_term	7	5p0bEz7DNsULez2X9yrNGa
108	12163992542	1667501026	track	short_term	8	1dxXQuExRVu77xF1r5YtRF
109	12163992542	1667501026	track	short_term	9	1k7aPYyAnNTjVbjw1YDNp1
110	12163992542	1667501026	track	short_term	10	6fc51JZVE0Yijdi6RuoLFv
111	12163992542	1667501026	track	short_term	11	0wejso6CHHEEqvTD3f3gBz
112	12163992542	1667501026	track	short_term	12	23od4rorIdhvYeLL7YqP9n
113	12163992542	1667501026	track	short_term	13	2I3ZdIFXnRn1PSAdMC4w71
114	12163992542	1667501026	track	short_term	14	7Cva2EgJougx6O6M5xgWAq
115	12163992542	1667501026	track	short_term	15	7KR5uycb8gfQYRl1MTL8aB
116	12163992542	1667501026	track	short_term	16	7xjbn0bhs7zx7E1s0lCqT3
117	12163992542	1667501026	track	short_term	17	1zkkvSLk5Nh4uoyKWwuie9
118	12163992542	1667501026	track	short_term	18	2OeL43EXwaC205Xr1da1qJ
119	12163992542	1667501026	track	short_term	19	1AR58rtcLziNnRHTCmCywd
120	12163992542	1667501026	track	short_term	20	1RzgWAFlI6KOenjOxJYcH0
121	12163992542	1667501026	track	short_term	21	2Wi5ubKr8zSk8L3CLemyS4
122	12163992542	1667501026	track	short_term	22	33vFhGNZa44VJ0I21AOGYe
123	12163992542	1667501026	track	short_term	23	3Cx9j78Z0NE6jYwBWvvV3P
124	12163992542	1667501026	track	short_term	24	41xaZ4WLlKD95U5PknoJrV
125	12163992542	1667501026	track	short_term	25	4J6JARDGkdc1fqLEflP94Z
126	12163992542	1667501026	track	short_term	26	3mMPb6eqYTXOyjHV6pzsEf
127	12163992542	1667501026	track	short_term	27	63k361zOGEhmvgzBdzzSGP
128	12163992542	1667501026	track	short_term	28	3banchOoe2giyRK0jaO1c7
129	12163992542	1667501026	track	short_term	29	6cJZx1AeXC7CIi6xZrJQq7
130	12163992542	1667501026	track	short_term	30	7xENAAODeE2hKzdWFI6YaB
131	12163992542	1667501026	track	short_term	31	0BMzC3hYff1zj2MsllexiU
132	12163992542	1667501026	track	short_term	32	0dqJjKKxuKD5Dt3QH2n4CG
133	12163992542	1667501026	track	short_term	33	0fstAyTs1mb4OqpxE1CxZ1
134	12163992542	1667501026	track	short_term	34	0ncGfTV06HogJIgn2Ujjgb
135	12163992542	1667501026	track	short_term	35	1fEGtTZjrjJW8eUeewnNJR
136	12163992542	1667501026	track	short_term	36	1wgU78h61rVCbOsFAHv2Hw
137	12163992542	1667501026	track	short_term	37	2kJwzbxV2ppxnQoYw4GLBZ
138	12163992542	1667501026	track	short_term	38	3Pu3IChaAoa5EjgUBv5F6x
139	12163992542	1667501026	track	short_term	39	3QmesrvdbPjwf7i40nht1D
140	12163992542	1667501026	track	short_term	40	3imS277wRbz1CFoDySgTff
141	12163992542	1667501026	track	short_term	41	37ZvpHeZKazqOnLfAGm9nb
142	12163992542	1667501026	track	short_term	42	03v70ZBxmcPX3RWAZMzqaW
143	12163992542	1667501026	track	short_term	43	1Zi74xhSWk5R13oGceGsfm
144	12163992542	1667501026	track	short_term	44	47KDDZgFiX1w6RFOuLXsSn
145	12163992542	1667501026	track	short_term	45	4sD9nPRNqWww4mADeEfJhi
146	12163992542	1667501026	track	short_term	46	3NMFdFi82kdYIAuM7RoLNA
147	12163992542	1667501026	track	short_term	47	3NmKtmTJJXniwNRaMLNeJF
148	12163992542	1667501026	track	short_term	48	4Fc62OkXYtEOjMmaSyJoQY
149	12163992542	1667501026	track	short_term	49	5IOjHxhDVsW9hCebpWIjkq
150	12163992542	1667501026	track	short_term	50	2YT7gnUsicqZhmK3Fkb5L8
\.


--
-- Data for Name: tracks; Type: TABLE DATA; Schema: public; Owner: cnicosia
--

COPY public.tracks (track_id, artist_id, album_id, name, popularity) FROM stdin;
1Kjw0LwdniCWran4PxJqPQ	0qu422H5MOoQxGjd4IzHbS	5wnCTZtzIZxasRSHzI1JeW	Kerosene!	56
1I40L32fTSSkBkPeArX9Ul	65dGLGjkw3UbddUg2GKQoZ	68HLpLmCtvFKUqwQpUCqwn	Time Moves Slow	2
5fBjPtOxhgdpU6LNWLyVHv	4lujUKeO6nQAJXpq37Epn7	6wYeJwJU9Y4fuLQVfGyJk9	Mad About You	60
4FE9SgxcOoCNuGnaaU8TXz	6ltzsmQQbmdoHHbLZ4ZN25	2oiJM8vFGpxrtGtFfJWhJv	When the Night is Over	59
4FF4q2qyOsFhRavZ0bdVXT	0YrtvWJMgSdVrk3SfNjTbx	4jQW2mhMH3TxtAOol3Djuf	Passenger Seat	49
0qprlw0jfsW4H9cG0FFE0Z	0bzfPKdbXL5ezYW2z3UGQj	0qxsfpy2VU0i4eDR9RTaAU	Cold Little Heart	64
3jp7Ryj1sX3riA7NQaVlLd	3M4ThdJR28z9eSMcQHAZ5G	6R6pjR9ocMYuqSuNx5e4mg	Whistle For The Choir	50
2I88NEWpKrAPZuapXNV5G6	30DhU7BDmF4PH0JVhu8ZRg	2ICdqEf91Kc9FwdlLtB748	Belong to You (feat. 6LACK)	62
6YZQx90VEuzf0lRY9TYh7j	360IAlyVv4PCEVjgyMZrxK	3fUHDbd0oujqAerhHZjdsj	Get You - Recorded at Spotify Studios NYC	46
54b8qPFqYqIndfdxiLApea	34jw2BbxjoYalTp8cJFCPv	56dfEbntfVTMCxjrjggL1e	Alone	74
3sTN90bIP2cJ1783ctHykO	5Q81rlcTFh3k6DQJXPdsot	0NBTBo1qrg554sAj79nEqD	Love$ick (feat. A$AP Rocky)	73
2P3SLxeQHPqh8qKB6gtJY2	2YZyLoL8N0Wb9xBt1NhZWg	3DGQ1iZ9XKUQxAUWjfC34w	Poetic Justice	72
474uVhyGgK5MtY9gMcDgGl	4hz8tIajF2INpgM0qzPJz2	7vXiklrUeffx5o2F8VYwm3	It's Called: Freefall	76
16ro1is6DmDKkarlJMBbzV	4hz8tIajF2INpgM0qzPJz2	7vXiklrUeffx5o2F8VYwm3	When It Lands	60
4frLb7nWtsz2ymBE6k2GRP	1Xyo4u8uXC1ZmMpatF05PJ	0P3oVJBFOv3TDXlYRhGL7s	Earned It (Fifty Shades Of Grey)	74
2G2YzndIA6jeWFPBXhUjh5	7CyeXFnOrfC1N6z4naIpgo	3vLFWR3fLqfY82WGvaLuyV	Be My Baby	67
5jZ1Z2GFTf2gwmFc3qiUxs	55VydwMyCuGcavwPuhutPL	57d5dFo7oN2yUyGfSKPrRv	The Taste of Ink	66
5vyt44455ipNNVSYq8fYY7	4hz8tIajF2INpgM0qzPJz2	7vXiklrUeffx5o2F8VYwm3	Fever Pitch	55
1OFKUn2VLafrHj7ybnap0Q	08ct2eZF5lUPdJpHwNKWof	5AYmpTfdv1OoASUJ5rZB7K	Only Wanna Be with You	69
21oJ1K99GBJrE2GVQGVjA0	30DhU7BDmF4PH0JVhu8ZRg	2ICdqEf91Kc9FwdlLtB748	Frozen	61
1LzNfuep1bnAUR9skqdHCK	37w38cCSGgKLdayTRjna4W	5K18gTgac0q6Jma5HkV1vA	Fade Into You	78
748yv6bb3l3CcKS45a6SZ8	4bthk9UfsYUYdcFyqxmSUU	2HyJKdwnnaM156kvcPDwr8	Head Over Heels	68
6NvRxjfYkkT2SpirAlmsjH	4pejUc4iciQfgdX6OKulQn	58HZZpS0wxJKwGjoerg0mk	No One Knows	66
0hJS3EHWC4uL9sJ52ErpoN	4hz8tIajF2INpgM0qzPJz2	7vXiklrUeffx5o2F8VYwm3	Hide	57
1ZaNp6b4cY3zcrciagi7td	7qKoy46vPnmIxKCN6ewBG4	0xAjncT0noqLbBH6iT4HjH	Cigarette Lighter Love Song - Live	14
1qQSRy9DjrGh3jtsSCU6B1	1eClJfHLoDI4rZe5HxzBFv	7cuwWzS0oiApEt2fpKafkX	Never Tear Us Apart	63
3s8MBOMdUi5Vol77qq8KJJ	2iul6etLF5hjjpxo43rzz7	05kYWbiEVwGcd2Y2wolwWz	Wolf Like Me ft. Shovels & Rope	0
4j3GWI86JvSaF0BLdmgcfF	73sIBHcqh3Z3NyqHKZ7FOL	15k99o4mZJ9mfpQGIOrZ45	Summertime Magic	63
4f8Mh5wuWHOsfXtzjrJB3t	4V8LLVI7PbaPR0K2TGSxFF	5zi7WsKlIiUXv09tbGLKsE	I THINK	72
6VojZJpMyuKClbwyilWlQj	3oDbviiivRWhXwIE8hxkVV	2ninxvLuYGCb6H92qTaSFZ	Wouldn't It Be Nice	58
1TDdYSYLIXMJ4EiKO6ZCYk	4hz8tIajF2INpgM0qzPJz2	7vXiklrUeffx5o2F8VYwm3	Mission to Mars	58
1RbOObDFn7GOseR1w529Zj	6loBF9iQdE11WSX29fNKqY	1V8qUSg1WAHf3dCrVYdJ5Z	Things Can Only Get Better	56
0Hw6SCrtU9pFCjgAONpnGZ	7guDJrEfX3qb6FEbdPA5qi	0qnHA4SDco9mPuWGzDqVDK	Uptight (Everything's Alright)	58
0S29RwGLJutn4qnFJQL13n	0YHgnSkV3S5mvSSCTRWDi5	511e7X2zYDqPWQGADatYz2	Georgia Law Man	44
5SCB7L1alKg7ZEeSw7Sq9f	57bUPid8xztkieZfS7OlEV	7vNmiLEdMqJYUlPxSx2zgg	I Hear A Symphony	49
3aN2V18W3EiW7eg5tHALpF	0X380XXQSNBYuleKzav5UO	4uiVwLbTzE6VMkXpaDAwB8	We're In This Together	56
5hVghJ4KaYES3BFUATCYn0	4V8LLVI7PbaPR0K2TGSxFF	5zi7WsKlIiUXv09tbGLKsE	EARFQUAKE	80
3zJ5RDG0bLQAV2rntFgUtb	0bzfPKdbXL5ezYW2z3UGQj	1yIqauTni1V7l7djYAKSsZ	You Ain't The Problem	53
6iGU74CwXuT4XVepjc9Emf	3oDbviiivRWhXwIE8hxkVV	6GphKx2QAPRoVGWE9D7ou8	God Only Knows - Mono / 1997 Remastered	67
6fc51JZVE0Yijdi6RuoLFv	4hz8tIajF2INpgM0qzPJz2	7vXiklrUeffx5o2F8VYwm3	Painkillers	65
7wdzLe2Gsx1RGqbvYZHASz	2YZyLoL8N0Wb9xBt1NhZWg	51C65YqHrDODM1hD5FEL5x	i	64
3imS277wRbz1CFoDySgTff	5eIbEEQnDM8yuDVB0bimSP	7GpuEZzRrPT4IGiEuWaBzy	Light Me Up	46
3mT1AONeTJDi1k8vH8pA2L	3pkmfqaBNsMqnXus05PNfP	6XBKxM9rbzyOBP6gpE0qhd	I've Been Thinking	0
7Cu2COdH93MnuireuKNiS3	20wkVLutqVOYrc0kxFs7rA	4uP43hIpmEEDuW7aOfiU2C	Streetcar	67
7JmPqImeW3kLoYVNBA9v11	1mFX1QlezK1lNPKQJkhwWb	1bTjSqotSDtUjcwFfukTQP	If It Isn't Love	58
2aCKBrLn7rbhStk5k4FwnF	7guDJrEfX3qb6FEbdPA5qi	6thSjE17RxW8tJFtLyXA3B	I Was Made To Love Her	54
0vJvCnuxXL2BCSRa1ZoeNl	0VbDAlm2KUlKI5UhXRBKWp	5wpZhWqsoXKBcVwvcEtCvv	Electric Feel	0
1zkkvSLk5Nh4uoyKWwuie9	4hz8tIajF2INpgM0qzPJz2	7vXiklrUeffx5o2F8VYwm3	Holy War	52
62wdQ5CInFr7cjISqrr46f	7KGqvFukcZRbQ7YFsYrgPa	4v9R5sk4HQ0X1krbEis34P	Baby	54
3iVp14VoAsAZkIdgQoRRAb	6PEMFpe3PTOksdV4ZXUpbE	0K3FiXt6ekJTWaUku3LpHL	Livvin	0
04M3DsiMNyn8s5XQJrW5sL	4hz8tIajF2INpgM0qzPJz2	2aaWMtuGxw17AZpKhZGdXQ	Cold Love	56
5rfT032kGmLvbxZzfHlu5D	2ooIqOf4X2uz4mMptXCtie	0vVekV45lOaVKs6RZQQNob	In the Aeroplane Over the Sea	65
2pA4ip3VIEVcIa3qE02oAX	1KP6TWI40m7p3QBTU6u2xo	17l7MIu0Jh0tdgK7or9ovw	10,000 Emerald Pools	62
1k7aPYyAnNTjVbjw1YDNp1	4hz8tIajF2INpgM0qzPJz2	7vXiklrUeffx5o2F8VYwm3	Moody Orange	50
41xaZ4WLlKD95U5PknoJrV	4hz8tIajF2INpgM0qzPJz2	7vXiklrUeffx5o2F8VYwm3	Matchbox	49
5zzWx7oJ9zBmv76uFaFeYR	4hz8tIajF2INpgM0qzPJz2	2aaWMtuGxw17AZpKhZGdXQ	Counting Cards	47
63k361zOGEhmvgzBdzzSGP	5wFXmYsg3KFJ8BDsQudJ4f	4hruYceqit29o6m4arpAql	The Sunshine	61
33vFhGNZa44VJ0I21AOGYe	4hz8tIajF2INpgM0qzPJz2	7vXiklrUeffx5o2F8VYwm3	Recktify	45
03v70ZBxmcPX3RWAZMzqaW	1KP6TWI40m7p3QBTU6u2xo	17l7MIu0Jh0tdgK7or9ovw	Clouds	61
1RzgWAFlI6KOenjOxJYcH0	4hz8tIajF2INpgM0qzPJz2	7vXiklrUeffx5o2F8VYwm3	Possum Queen	46
2OeL43EXwaC205Xr1da1qJ	4hz8tIajF2INpgM0qzPJz2	7vXiklrUeffx5o2F8VYwm3	Polite Company	49
5CU1bbfY1wUPm7fU255Dhf	2ooIqOf4X2uz4mMptXCtie	0vVekV45lOaVKs6RZQQNob	King of Carrot Flowers Pt. 1	60
0dqJjKKxuKD5Dt3QH2n4CG	1MIe1z4RdqLqHSJsb7EBMm	0y3tRiTDYzj5IuQb0Kk86x	Hands Down	55
5L7IgwUPhir2FJftGNXJDW	4hz8tIajF2INpgM0qzPJz2	15RYnRTIMHrCB6X3HjK2mC	Heart	61
35mL8keNDi2VLHrFXZCgJR	4hz8tIajF2INpgM0qzPJz2	4lGNpgFI67TUq5BMfnPe3Z	Shameful Company	48
5C90m8eM6GJR2SACiLAWHo	4hz8tIajF2INpgM0qzPJz2	2aaWMtuGxw17AZpKhZGdXQ	Wasted	57
5IRdIQNIZzVqE4XyBylkvd	4hz8tIajF2INpgM0qzPJz2	2aaWMtuGxw17AZpKhZGdXQ	American Shoes	46
4Fc62OkXYtEOjMmaSyJoQY	4hz8tIajF2INpgM0qzPJz2	2aaWMtuGxw17AZpKhZGdXQ	Run	46
50bmpfgcV29ouRVDfr5wOc	4hz8tIajF2INpgM0qzPJz2	2aaWMtuGxw17AZpKhZGdXQ	Lady Lie	59
5do7Ql6G8N03fY6G9Y08Ec	4hz8tIajF2INpgM0qzPJz2	2aaWMtuGxw17AZpKhZGdXQ	Goodnight Chicago	57
6MDijuuArPJv1vbp7K1x3f	4l1cKWYW591xnwEGxpUg3J	3pWJFrSX6apPzt4inM4zXt	Genghis Khan	61
0b2vqB7QNT4z8nnaYqbuel	0YrtvWJMgSdVrk3SfNjTbx	2PIWPTOIxbaVSjTnc30vXS	I Don’t Know How I Survive	55
0ZAbupc7jAQpG9IxojQ3s3	4hz8tIajF2INpgM0qzPJz2	2aaWMtuGxw17AZpKhZGdXQ	Cocaine Jesus	71
3LcjZGk0GBlPRe5XhYVGgM	360IAlyVv4PCEVjgyMZrxK	05LEST8E8mkEIl2LRfUkcI	Caramelo Duro (feat. Kali Uchis)	51
0JXXNGljqupsJaZsgSbMZV	360IAlyVv4PCEVjgyMZrxK	493HYe7N5pleudEZRyhE7R	Sure Thing	80
244QS6446wyO1UfVTWlOlR	5wFXmYsg3KFJ8BDsQudJ4f	4hruYceqit29o6m4arpAql	The Maze	48
47KDDZgFiX1w6RFOuLXsSn	1fZpYWNWdL5Z3wrDtISFUH	6gtu2oXhmDQN8TAsWimZbj	Tomorrow	67
3banchOoe2giyRK0jaO1c7	0AkmSuTOzM2pNCIOSP8ziv	7kb2GfJGvn8Gr0LCGBSQjZ	Hell and You	57
27AG99NmWMFLRoyZMMPNW2	2ooIqOf4X2uz4mMptXCtie	0vVekV45lOaVKs6RZQQNob	Two-Headed Boy	53
7trx783SvnHhKkmgSSTIFJ	4hz8tIajF2INpgM0qzPJz2	4lGNpgFI67TUq5BMfnPe3Z	First Class	64
5VA4Ispp52EA1sOqzMz3Av	360IAlyVv4PCEVjgyMZrxK	493HYe7N5pleudEZRyhE7R	All I Want Is You (feat. J. Cole)	73
7l5j3FapCyr6HxUgoAynM2	3dv4Q4q3LWOnbLJnC6GgTY	5CPwacWmIAaA5DLUq7EHUC	Gap in the Clouds	56
4hv7GT5g9qNnrxlocsOSYt	360IAlyVv4PCEVjgyMZrxK	05LEST8E8mkEIl2LRfUkcI	Anointed	40
4PFiLGx8jAzcAJxwPLUeZ9	60df5JBRRPcnSpsIMxxwQm	3YKQkIPHtWGuvkBeVNIMhg	Cigarettes and Coffee	59
1ULovMYbbglXIn9TQzMsKz	2ooIqOf4X2uz4mMptXCtie	0vVekV45lOaVKs6RZQQNob	King of Carrot Flowers Pts. 2 & 3	50
4isk4UYRcmslphcTq61xUg	360IAlyVv4PCEVjgyMZrxK	493HYe7N5pleudEZRyhE7R	Quickie	54
5WoaF1B5XIEnWfmb5NZikf	360IAlyVv4PCEVjgyMZrxK	05LEST8E8mkEIl2LRfUkcI	Sky Walker (feat. Travis Scott)	73
7sf0tmuGZlHXUWpi9dQqcw	360IAlyVv4PCEVjgyMZrxK	7ezeSBh9E63ijDAxn8Ke4P	Cadillac	34
64DpBZj4IlDFzCwxTq7azl	2ooIqOf4X2uz4mMptXCtie	0vVekV45lOaVKs6RZQQNob	Holland, 1945	58
37ZvpHeZKazqOnLfAGm9nb	4hz8tIajF2INpgM0qzPJz2	2aaWMtuGxw17AZpKhZGdXQ	All's Well That Ends	61
5p0bEz7DNsULez2X9yrNGa	0YrtvWJMgSdVrk3SfNjTbx	2PIWPTOIxbaVSjTnc30vXS	Pepper	53
1dxXQuExRVu77xF1r5YtRF	0YrtvWJMgSdVrk3SfNjTbx	2PIWPTOIxbaVSjTnc30vXS	Roman Candles	54
0wejso6CHHEEqvTD3f3gBz	0YrtvWJMgSdVrk3SfNjTbx	2PIWPTOIxbaVSjTnc30vXS	Rand McNally	52
23od4rorIdhvYeLL7YqP9n	0YrtvWJMgSdVrk3SfNjTbx	2PIWPTOIxbaVSjTnc30vXS	Foxglove Through The Clearcut	52
2I3ZdIFXnRn1PSAdMC4w71	0YrtvWJMgSdVrk3SfNjTbx	2PIWPTOIxbaVSjTnc30vXS	Wheat Like Waves	49
7Cva2EgJougx6O6M5xgWAq	0YrtvWJMgSdVrk3SfNjTbx	2PIWPTOIxbaVSjTnc30vXS	Here to Forever	61
7KR5uycb8gfQYRl1MTL8aB	0YrtvWJMgSdVrk3SfNjTbx	2PIWPTOIxbaVSjTnc30vXS	I Miss Strangers	50
7xjbn0bhs7zx7E1s0lCqT3	0YrtvWJMgSdVrk3SfNjTbx	2PIWPTOIxbaVSjTnc30vXS	Asphalt Meadows	56
1AR58rtcLziNnRHTCmCywd	0YrtvWJMgSdVrk3SfNjTbx	2PIWPTOIxbaVSjTnc30vXS	I’ll Never Give Up On You	48
2Wi5ubKr8zSk8L3CLemyS4	3U3zr5PCRa9ty74uN46iBa	1XoE7ZirQ3gjxq8HIzTJU9	Tank!	61
3Cx9j78Z0NE6jYwBWvvV3P	0EdvGhlC1FkGItLOWQzG4J	0vuwlanMPucXrYMGnOjhYL	Waiting For My Ruca	54
4J6JARDGkdc1fqLEflP94Z	0YrtvWJMgSdVrk3SfNjTbx	2PIWPTOIxbaVSjTnc30vXS	Fragments From the Decade	48
3mMPb6eqYTXOyjHV6pzsEf	0V7uVrIYr4FwFvUN9S4kYr	0PHH7ZnpTBkek9iQtGNBno	Silver Bracelet	20
6cJZx1AeXC7CIi6xZrJQq7	0CUpzKPDfIVzYqMn47jiV3	0msliOKoJh1aYmcpuEoBn2	Can't Hide It	53
7xENAAODeE2hKzdWFI6YaB	0fA0VVWsXO9YnASrzqfmYu	4aW4iDepQUl5ZCHd1Gli68	Entergalactic Theme	65
0BMzC3hYff1zj2MsllexiU	3D4qYDvoPn5cQxtBm4oseo	5mlCtfr6NLphHzAaXIuXz4	January 1979	46
0fstAyTs1mb4OqpxE1CxZ1	336wP75Xfy1WoqKRFt17IO	7pLNHtWfSdcAaQ3QuGWttp	100%	38
0ncGfTV06HogJIgn2Ujjgb	4wYk01oPJNfaEssVFL46oQ	2K2u7usRIF03pywk6qxGlM	Waterfalls	40
1fEGtTZjrjJW8eUeewnNJR	4M5nCE77Qaxayuhp3fVn4V	3fzjXU2SSKero9gVMcPivX	Flightless Bird, American Mouth	68
1wgU78h61rVCbOsFAHv2Hw	5VF0YkVLeVD4ytyiyVSIiF	5m1BQr6SaEOxEl7Pz6fba2	The Socialites - AlunaGeorge Remix	16
2kJwzbxV2ppxnQoYw4GLBZ	66W9LaWS0DPdL7Sz8iYGYe	7BrlhEO8dHiNmU8A1Ep9RZ	If the World Was Ending (feat. Julia Michaels)	77
3Pu3IChaAoa5EjgUBv5F6x	3JaAGmSTpJK35DqWrDUzBz	3PsFboiPeObjAc6gbQHt54	Ballroom Blitz	66
3QmesrvdbPjwf7i40nht1D	7jy3rLJdDQY21OgRLCZ9sD	1zCNrbPpz5OLSr6mSpPdKm	Everlong - Acoustic Version	68
1Zi74xhSWk5R13oGceGsfm	0V7uVrIYr4FwFvUN9S4kYr	0PHH7ZnpTBkek9iQtGNBno	Place Names	33
4sD9nPRNqWww4mADeEfJhi	0YrtvWJMgSdVrk3SfNjTbx	4jQW2mhMH3TxtAOol3Djuf	We Looked Like Giants	42
3NMFdFi82kdYIAuM7RoLNA	3D4qYDvoPn5cQxtBm4oseo	4yItCYzksCSiB8RcUsAdSg	Messes Of Men	39
3NmKtmTJJXniwNRaMLNeJF	3D4qYDvoPn5cQxtBm4oseo	4yItCYzksCSiB8RcUsAdSg	In A Market Dimly Lit	26
5IOjHxhDVsW9hCebpWIjkq	3D4qYDvoPn5cQxtBm4oseo	4yItCYzksCSiB8RcUsAdSg	Wolf Am I! (And Shadow)	34
2YT7gnUsicqZhmK3Fkb5L8	1ikg4sypcURm8Vy5GP68xb	7ol1497lKAmAj2QVG1AulZ	Limestone	51
\.


--
-- Data for Name: users; Type: TABLE DATA; Schema: public; Owner: cnicosia
--

COPY public.users (user_id, display_name, profile_photo) FROM stdin;
12163992542	Batty Brulée	https://scontent-ord5-1.xx.fbcdn.net/v/t1.18169-1/16831043_1799099963690897_4632021165186679885_n.jpg?stp=dst-jpg_p320x320&_nc_cat=100&ccb=1-7&_nc_sid=0c64ff&_nc_ohc=--Duq2uhI8sAX_dDnA_&_nc_ht=scontent-ord5-1.xx&edm=AP4hL3IEAAAA&oh=00_AfDs4RZ4LOL9feQ0t1eHEEm7z6YAoinkUu8Q6Onf_8KMuA&oe=638CBA94
\.


--
-- Name: items_id_seq; Type: SEQUENCE SET; Schema: public; Owner: cnicosia
--

SELECT pg_catalog.setval('public.items_id_seq', 150, true);


--
-- Name: albums albums_pkey; Type: CONSTRAINT; Schema: public; Owner: cnicosia
--

ALTER TABLE ONLY public.albums
    ADD CONSTRAINT albums_pkey PRIMARY KEY (album_id);


--
-- Name: artists artists_pkey; Type: CONSTRAINT; Schema: public; Owner: cnicosia
--

ALTER TABLE ONLY public.artists
    ADD CONSTRAINT artists_pkey PRIMARY KEY (artist_id);


--
-- Name: features features_pkey; Type: CONSTRAINT; Schema: public; Owner: cnicosia
--

ALTER TABLE ONLY public.features
    ADD CONSTRAINT features_pkey PRIMARY KEY (track_id);


--
-- Name: items items_pkey; Type: CONSTRAINT; Schema: public; Owner: cnicosia
--

ALTER TABLE ONLY public.items
    ADD CONSTRAINT items_pkey PRIMARY KEY (id);


--
-- Name: tracks tracks_pkey; Type: CONSTRAINT; Schema: public; Owner: cnicosia
--

ALTER TABLE ONLY public.tracks
    ADD CONSTRAINT tracks_pkey PRIMARY KEY (track_id);


--
-- Name: users users_pkey; Type: CONSTRAINT; Schema: public; Owner: cnicosia
--

ALTER TABLE ONLY public.users
    ADD CONSTRAINT users_pkey PRIMARY KEY (user_id);


--
-- Name: albums albums_artist_id_fkey; Type: FK CONSTRAINT; Schema: public; Owner: cnicosia
--

ALTER TABLE ONLY public.albums
    ADD CONSTRAINT albums_artist_id_fkey FOREIGN KEY (artist_id) REFERENCES public.artists(artist_id);


--
-- Name: features features_track_id_fkey; Type: FK CONSTRAINT; Schema: public; Owner: cnicosia
--

ALTER TABLE ONLY public.features
    ADD CONSTRAINT features_track_id_fkey FOREIGN KEY (track_id) REFERENCES public.tracks(track_id);


--
-- Name: items items_user_id_fkey; Type: FK CONSTRAINT; Schema: public; Owner: cnicosia
--

ALTER TABLE ONLY public.items
    ADD CONSTRAINT items_user_id_fkey FOREIGN KEY (user_id) REFERENCES public.users(user_id);


--
-- Name: tracks tracks_album_id_fkey; Type: FK CONSTRAINT; Schema: public; Owner: cnicosia
--

ALTER TABLE ONLY public.tracks
    ADD CONSTRAINT tracks_album_id_fkey FOREIGN KEY (album_id) REFERENCES public.albums(album_id);


--
-- Name: tracks tracks_artist_id_fkey; Type: FK CONSTRAINT; Schema: public; Owner: cnicosia
--

ALTER TABLE ONLY public.tracks
    ADD CONSTRAINT tracks_artist_id_fkey FOREIGN KEY (artist_id) REFERENCES public.artists(artist_id);


--
-- PostgreSQL database dump complete
--

